{
    "accuracy": 0.7812048192771084,
    "precision": 0.7694524495677233,
    "recall": 0.7891625615763547,
    "auc": 0.8700218421786411
}